Workbook

Sheet Read me
A1: House Shortlist – Quận 3
A2: Prepared | B2: 27 Oct 2026
A4: Exchange rate (VND per USD) | B4: 25660
A5: Budget (USD) | B5: 300000
A6: Budget in VND billion (tỷ) | B6: =B5*B4/1000000000 -> 7.698
A7: Minimum land area (m2) | B7: 50
A9: Request | B9: single-family, ≥ 3 bedrooms, alley OK, car access preferred
A10: Sheets | B10: Websites = best sites to search. All listings = every ad collected, with budget/area checks. Shortlist = houses passing the filter (plus two slightly-over-budget Quận 3 stretch options), with nearby market, supermarket, primary school, hospital, safety notes and scores.
A11: Edit | B11: Yellow cells are inputs. Change the exchange rate, budget or minimum area and every USD price and pass/fail check recalculates.
A12: Scoring | B12: Safety, Livability, Value and Verification are 1-5 from the research agents. Total = Safety + Livability + Value + 2 x Verification (title/address confirmation counts double).
A13: Ward names | B13: HCMC merged wards on 1 July 2025: old Quận 3 wards are now Bàn Cờ (old P1-3, P5), Xuân Hòa (old Võ Thị Sáu, P4) and Nhiêu Lộc (old P9, P11-14). Neighbouring old Phú Nhuận wards are now Phú Nhuận, Đức Nhuận, Cầu Kiệu; old Tân Bình P4-7 near CMT8 are now Tân Sơn Nhất / Tân Hòa.
A14: Caveats | B14: Distances are estimates, not map measurements - check on Google Maps. Several listing pages blocked automated access. Always see the sổ hồng (title), hoàn công (completion certificate) and a planning (quy hoạch) check before any deposit.
A15: Rate source | B15: Vietcombank transfer buying rate 25,660 on 27/10/2026: https://webgia.com/ty-gia/vietcombank/

Sheet Websites
A1: Website | B1: URL | C1: Why use it
A2: batdongsan.com.vn | B2: https://batdongsan.com.vn | C2: Largest portal; most Quận 3 stock. Blocks automated reading, so browse it yourself.
A3: nhatot.com (Chợ Tốt Nhà) | B3: https://www.nhatot.com | C3: Many owner (chính chủ) posts; good price/area filters.
A4: muaban.net | B4: https://muaban.net/bat-dong-san | C4: Large classifieds with ward pages; main source for this shortlist.
A5: bds68.com.vn | B5: https://bds68.com.vn | C5: Filters by bedrooms and price; good Quận 3 / Tân Bình coverage.
A6: alonhadat.com.vn | B6: https://alonhadat.com.vn | C6: Street-level pages with average price per m2 (Quận 3 ≈ 226 tr/m2).
A7: dinhgianha.vn | B7: https://dinhgianha.vn | C7: Phú Nhuận / Tân Bình listings with alley width and price per m2.
A8: mogi.vn | B8: https://mogi.vn | C8: Ward price ranges; mostly street-front stock in Quận 3.
A9: homedy.com / i-batdongsan.com | B9: https://homedy.com | C9: Aggregators - useful to spot reposts and stale ads.

Sheet All listings
A1: # | B1: Site | C1: Listing title | D1: Link | E1: Area | F1: Ward (new/old) | G1: Land m2 | H1: Price (tỷ VND) | I1: Posted | J1: Price (USD) | K1: tr VND / m2 | L1: > min area? | M1: Within budget? | N1: Outcome / reason
A2: 1 | B2: bds68 | C2: Trương Định, gần CV Tao Đàn, 68m2 | D2: Open ad | E2: Quận 3 | F2: Xuân Hòa (Võ Thị Sáu) | G2: 68 | H2: 9.5 | I2: 27/10/2026 | J2: =IF(H2="","",H2*1000000000/'Read me'!$B$4) -> 370226.03 | K2: =IF(H2="","",H2*1000/G2) -> 139.70588 | L2: =IF(G2>'Read me'!$B$7,"Yes","No") -> Yes | M2: =IF(H2="","Unknown",IF(J2<='Read me'!$B$5,"Yes","No")) -> No | N2: Over budget
A3: 2 | B3: bds68 | C3: HXH Nguyễn Đình Chiểu 3.3x10m | D3: Open ad | E3: Quận 3 | F3: Bàn Cờ (P5) | G3: 31 | H3: 8.3 | I3: 27/10/2026 | J3: =IF(H3="","",H3*1000000000/'Read me'!$B$4) -> 323460.64 | K3: =IF(H3="","",H3*1000/G3) -> 267.74194 | L3: =IF(G3>'Read me'!$B$7,"Yes","No") -> No | M3: =IF(H3="","Unknown",IF(J3<='Read me'!$B$5,"Yes","No")) -> No | N3: Over budget, <50m2
A4: 3 | B4: bds68 | C4: Hẻm 4m Lý Chính Thắng 4 tầng | D4: Open ad | E4: Quận 3 | F4: Xuân Hòa | G4: 31 | H4: 7.2 | I4: 26/10/2026 | J4: =IF(H4="","",H4*1000000000/'Read me'!$B$4) -> 280592.36 | K4: =IF(H4="","",H4*1000/G4) -> 232.25806 | L4: =IF(G4>'Read me'!$B$7,"Yes","No") -> No | M4: =IF(H4="","Unknown",IF(J4<='Read me'!$B$5,"Yes","No")) -> Yes | N4: <50m2
A5: 4 | B5: bds68 | C5: 263/2 Nguyễn Đình Chiểu 27m2 | D5: Open ad | E5: Quận 3 | F5: Bàn Cờ (P5) | G5: 27 | H5: 7.1 | I5: 26/10/2026 | J5: =IF(H5="","",H5*1000000000/'Read me'!$B$4) -> 276695.25 | K5: =IF(H5="","",H5*1000/G5) -> 262.96296 | L5: =IF(G5>'Read me'!$B$7,"Yes","No") -> No | M5: =IF(H5="","Unknown",IF(J5<='Read me'!$B$5,"Yes","No")) -> Yes | N5: <50m2
A6: 5 | B6: bds68 | C6: Hẻm 4m 134 Lý Chính Thắng 50.6m2 | D6: Open ad | E6: Quận 3 | F6: Xuân Hòa | G6: 50.6 | H6: 8.1 | I6: 26/10/2026 | J6: =IF(H6="","",H6*1000000000/'Read me'!$B$4) -> 315666.41 | K6: =IF(H6="","",H6*1000/G6) -> 160.07905 | L6: =IF(G6>'Read me'!$B$7,"Yes","No") -> Yes | M6: =IF(H6="","Unknown",IF(J6<='Read me'!$B$5,"Yes","No")) -> No | N6: Over budget (~$316k)
A7: 6 | B7: bds68 | C7: CMT8 sát MT tuyến metro 48m2 | D7: Open ad | E7: Quận 3 | F7: Nhiêu Lộc (P11) | G7: 48 | H7: 8.6 | I7: 25/10/2026 | J7: =IF(H7="","",H7*1000000000/'Read me'!$B$4) -> 335151.99 | K7: =IF(H7="","",H7*1000/G7) -> 179.16667 | L7: =IF(G7>'Read me'!$B$7,"Yes","No") -> No | M7: =IF(H7="","Unknown",IF(J7<='Read me'!$B$5,"Yes","No")) -> No | N7: Over budget, <50m2
A8: 7 | B8: bds68 | C8: HXH Nguyễn Phúc Nguyên 68m2 | D8: Open ad | E8: Quận 3 | F8: Nhiêu Lộc (P9) | G8: 68 | H8: 10 | I8: 25/10/2026 | J8: =IF(H8="","",H8*1000000000/'Read me'!$B$4) -> 389711.61 | K8: =IF(H8="","",H8*1000/G8) -> 147.05882 | L8: =IF(G8>'Read me'!$B$7,"Yes","No") -> Yes | M8: =IF(H8="","Unknown",IF(J8<='Read me'!$B$5,"Yes","No")) -> No | N8: Over budget
A9: 8 | B9: bds68 | C9: Hẻm nhựa 7m Lê Văn Sỹ 110m2 | D9: Open ad | E9: Quận 3 | F9: Nhiêu Lộc (P13) | G9: 110 | H9: 8 | I9: 22/10/2026 | J9: =IF(H9="","",H9*1000000000/'Read me'!$B$4) -> 311769.29 | K9: =IF(H9="","",H9*1000/G9) -> 72.727273 | L9: =IF(G9>'Read me'!$B$7,"Yes","No") -> Yes | M9: =IF(H9="","Unknown",IF(J9<='Read me'!$B$5,"Yes","No")) -> No | N9: Shortlisted Q3-D (stretch)
A10: 9 | B10: bds68 | C10: 362/25 Nguyễn Đình Chiểu 27m2 | D10: Open ad | E10: Quận 3 | F10: Bàn Cờ (P4) | G10: 27 | H10: 7.8 | I10: 19/10/2026 | J10: =IF(H10="","",H10*1000000000/'Read me'!$B$4) -> 303975.06 | K10: =IF(H10="","",H10*1000/G10) -> 288.88889 | L10: =IF(G10>'Read me'!$B$7,"Yes","No") -> No | M10: =IF(H10="","Unknown",IF(J10<='Read me'!$B$5,"Yes","No")) -> No | N10: Over budget, <50m2
A11: 10 | B11: bds68 | C11: Hẻm 4m Rạch Bùng Binh 51.5m2 3PN | D11: Open ad | E11: Quận 3 | F11: Nhiêu Lộc (P9) | G11: 51.5 | H11: 7.8 | I11: 15/10/2026 | J11: =IF(H11="","",H11*1000000000/'Read me'!$B$4) -> 303975.06 | K11: =IF(H11="","",H11*1000/G11) -> 151.45631 | L11: =IF(G11>'Read me'!$B$7,"Yes","No") -> Yes | M11: =IF(H11="","Unknown",IF(J11<='Read me'!$B$5,"Yes","No")) -> No | N11: Shortlisted Q3-C (stretch)
A12: 11 | B12: bds68 | C12: Trần Quang Diệu 4x14m | D12: Open ad | E12: Quận 3 | F12: Nhiêu Lộc (P14) | G12: 53 | H12: 8.3 | I12: 15/10/2026 | J12: =IF(H12="","",H12*1000000000/'Read me'!$B$4) -> 323460.64 | K12: =IF(H12="","",H12*1000/G12) -> 156.60377 | L12: =IF(G12>'Read me'!$B$7,"Yes","No") -> Yes | M12: =IF(H12="","Unknown",IF(J12<='Read me'!$B$5,"Yes","No")) -> No | N12: Over budget
A13: 12 | B13: bds68 | C13: HXH Vườn Chuối 34m2 5 tầng | D13: Open ad | E13: Quận 3 | F13: Bàn Cờ (P4) | G13: 34 | H13: 8.3 | I13: 14/10/2026 | J13: =IF(H13="","",H13*1000000000/'Read me'!$B$4) -> 323460.64 | K13: =IF(H13="","",H13*1000/G13) -> 244.11765 | L13: =IF(G13>'Read me'!$B$7,"Yes","No") -> No | M13: =IF(H13="","Unknown",IF(J13<='Read me'!$B$5,"Yes","No")) -> No | N13: Over budget, <50m2
... A21: 20 | B21: muaban | C21: Bàn Cờ sát HXH ĐBP 29m2 | D21: Open ad | E21: Quận 3 | F21: Bàn Cờ (P1) | G21: 29 | H21: 6 | I21: 27/10/2026 | J21: =IF(H21="","",H21*1000000000/'Read me'!$B$4) -> 233826.97 | K21: =IF(H21="","",H21*1000/G21) -> 206.89655 | L21: =IF(G21>'Read me'!$B$7,"Yes","No") -> No | M21: =IF(H21="","Unknown",IF(J21<='Read me'!$B$5,"Yes","No")) -> Yes | N21: <50m2
A22: 21 | B22: muaban | C22: Hẻm 10m Bà Huyện Thanh Quan 105m2 | D22: Open ad | E22: Quận 3 | F22: Xuân Hòa (P9) | G22: 105 | I22: 27/10/2026 | J22: =IF(H22="","",H22*1000000000/'Read me'!$B$4) | K22: =IF(H22="","",H22*1000/G22) | L22: =IF(G22>'Read me'!$B$7,"Yes","No") -> Yes | M22: =IF(H22="","Unknown",IF(J22<='Read me'!$B$5,"Yes","No")) -> Unknown | N22: Price not stated (likely far over budget)
A23: 22 | B23: muaban | C23: Cao Thắng 45.4m2 | D23: Open ad | E23: Quận 3 | F23: Bàn Cờ (P4) | G23: 46 | H23: 7.9 | I23: 27/10/2026 | J23: =IF(H23="","",H23*1000000000/'Read me'!$B$4) -> 307872.17 | K23: =IF(H23="","",H23*1000/G23) -> 171.73913 | L23: =IF(G23>'Read me'!$B$7,"Yes","No") -> No | M23: =IF(H23="","Unknown",IF(J23<='Read me'!$B$5,"Yes","No")) -> No | N23: Over budget, <50m2
A24: 23 | B24: muaban | C24: Lô góc hẻm 6m Lê Văn Sỹ 38m2 | D24: Open ad | E24: Quận 3 | F24: Nhiêu Lộc (P12) | G24: 38.4 | H24: 11.5 | I24: 27/10/2026 | J24: =IF(H24="","",H24*1000000000/'Read me'!$B$4) -> 448168.36 | K24: =IF(H24="","",H24*1000/G24) -> 299.47917 | L24: =IF(G24>'Read me'!$B$7,"Yes","No") -> No | M24: =IF(H24="","Unknown",IF(J24<='Read me'!$B$5,"Yes","No")) -> No | N24: Over budget
A25: 24 | B25: alonhadat | C25: Rạch Bùng Binh hẻm ô tô 52m2 3PN (repost) | D25: Open ad | E25: Quận 3 | F25: Nhiêu Lộc (P9) | G25: 52 | H25: 7.8 | I25: 20/10/2026 | J25: =IF(H25="","",H25*1000000000/'Read me'!$B$4) -> 303975.06 | K25: =IF(H25="","",H25*1000/G25) -> 150 | L25: =IF(G25>'Read me'!$B$7,"Yes","No") -> Yes | M25: =IF(H25="","Unknown",IF(J25<='Read me'!$B$5,"Yes","No")) -> No | N25: Duplicate of Q3-C
A26: 25 | B26: alonhadat | C26: Rạch Bùng Binh 51m2 6PN | D26: Open ad | E26: Quận 3 | F26: Nhiêu Lộc (P9) | G26: 51 | H26: 8.69 | I26: 10/09/2026 | J26: =IF(H26="","",H26*1000000000/'Read me'!$B$4) -> 338659.39 | K26: =IF(H26="","",H26*1000/G26) -> 170.39216 | L26: =IF(G26>'Read me'!$B$7,"Yes","No") -> Yes | M26: =IF(H26="","Unknown",IF(J26<='Read me'!$B$5,"Yes","No")) -> No | N26: Over budget
A27: 26 | B27: alonhadat | C27: Rạch Bùng Binh 84m2 ngang 6m | D27: Open ad | E27: Quận 3 | F27: Xuân Hòa | G27: 84 | H27: 13.5 | I27: 07/10/2026 | J27: =IF(H27="","",H27*1000000000/'Read me'!$B$4) -> 526110.68 | K27: =IF(H27="","",H27*1000/G27) -> 160.71429 | L27: =IF(G27>'Read me'!$B$7,"Yes","No") -> Yes | M27: =IF(H27="","Unknown",IF(J27<='Read me'!$B$5,"Yes","No")) -> No | N27: Over budget
A28: 27 | B28: muaban | C28: HXH Đặng Văn Ngữ 54m2 4PN | D28: Open ad | E28: Phú Nhuận | F28: Phú Nhuận (P10) | G28: 54 | H28: 6.89 | I28: 04/10/2026 | J28: =IF(H28="","",H28*1000000000/'Read me'!$B$4) -> 268511.3 | K28: =IF(H28="","",H28*1000/G28) -> 127.59259 | L28: =IF(G28>'Read me'!$B$7,"Yes","No") -> Yes | M28: =IF(H28="","Unknown",IF(J28<='Read me'!$B$5,"Yes","No")) -> Yes | N28: Shortlisted PN-1
A29: 28 | B29: muaban | C29: Trường Sa 60.7m2 3PN | D29: Open ad | E29: Phú Nhuận | F29: Phú Nhuận (P13) | G29: 60.7 | H29: 6.95 | I29: 19/10/2026 | J29: =IF(H29="","",H29*1000000000/'Read me'!$B$4) -> 270849.57 | K29: =IF(H29="","",H29*1000/G29) -> 114.49753 | L29: =IF(G29>'Read me'!$B$7,"Yes","No") -> Yes | M29: =IF(H29="","Unknown",IF(J29<='Read me'!$B$5,"Yes","No")) -> Yes | N29: Shortlisted PN-2
A30: 29 | B30: dinhgianha | C30: Trần Hữu Trang 60m2 3PN | D30: Open ad | E30: Phú Nhuận | F30: Phú Nhuận | G30: 60 | H30: 7.6 | I30: 27/10/2026 | J30: =IF(H30="","",H30*1000000000/'Read me'!$B$4) -> 296180.83 | K30: =IF(H30="","",H30*1000/G30) -> 126.66667 | L30: =IF(G30>'Read me'!$B$7,"Yes","No") -> Yes | M30: =IF(H30="","Unknown",IF(J30<='Read me'!$B$5,"Yes","No")) -> Yes | N30: Shortlisted PN-3
A31: 30 | B31: dinhgianha | C31: Hẻm 491 Lê Văn Sỹ 56m2 5PN (in Quận 3) | D31: Open ad | E31: Quận 3 | F31: Nhiêu Lộc (Q3) | G31: 56 | H31: 7.5 | I31: 27/10/2026 | J31: =IF(H31="","",H31*1000000000/'Read me'!$B$4) -> 292283.71 | K31: =IF(H31="","",H31*1000/G31) -> 133.92857 | L31: =IF(G31>'Read me'!$B$7,"Yes","No") -> Yes | M31: =IF(H31="","Unknown",IF(J31<='Read me'!$B$5,"Yes","No")) -> Yes | N31: Shortlisted Q3-E
A32: 31 | B32: dinhgianha | C32: Hẻm Nguyễn Kiệm 70m2 5PN | D32: Open ad | E32: Phú Nhuận | F32: Đức Nhuận | G32: 70 | H32: 6.6 | I32: 27/10/2026 | J32: =IF(H32="","",H32*1000000000/'Read me'!$B$4) -> 257209.66 | K32: =IF(H32="","",H32*1000/G32) -> 94.285714 | L32: =IF(G32>'Read me'!$B$7,"Yes","No") -> Yes | M32: =IF(H32="","Unknown",IF(J32<='Read me'!$B$5,"Yes","No")) -> Yes | N32: Shortlisted PN-5
A33: 32 | B33: dinhgianha | C33: Huỳnh Văn Bánh 51m2 5PN | D33: Open ad | E33: Phú Nhuận | F33: Phú Nhuận | G33: 51 | H33: 7.8 | I33: 2026 | J33: =IF(H33="","",H33*1000000000/'Read me'!$B$4) -> 303975.06 | K33: =IF(H33="","",H33*1000/G33) -> 152.94118 | L33: =IF(G33>'Read me'!$B$7,"Yes","No") -> Yes | M33: =IF(H33="","Unknown",IF(J33<='Read me'!$B$5,"Yes","No")) -> No | N33: Over budget
A34: 33 | B34: dinhgianha | C34: Phan Đình Phùng 50m2 | D34: Open ad | E34: Phú Nhuận | F34: Phú Nhuận | G34: 50 | H34: 7.95 | I34: 2026 | J34: =IF(H34="","",H34*1000000000/'Read me'!$B$4) -> 309820.73 | K34: =IF(H34="","",H34*1000/G34) -> 159 | L34: =IF(G34>'Read me'!$B$7,"Yes","No") -> No | M34: =IF(H34="","Unknown",IF(J34<='Read me'!$B$5,"Yes","No")) -> No | N34: Not >50m2, over budget
... A44: 43 | B44: muaban | C44: Hẻm Lê Hồng Phong, 50m ra MT, 63.7m2 | D44: Open ad | E44: District 10 | F44: Vườn Lài (P10) | G44: 63.7 | H44: 6.15 | I44: 27/10/2026 | J44: =IF(H44="","",H44*1000000000/'Read me'!$B$4) -> 239672.64 | K44: =IF(H44="","",H44*1000/G44) -> 96.546311 | L44: =IF(G44>'Read me'!$B$7,"Yes","No") -> Yes | M44: =IF(H44="","Unknown",IF(J44<='Read me'!$B$5,"Yes","No")) -> Yes | N44: Shortlisted D10-1

Sheet Shortlist
A1: ID | B1: Area | C1: Address | D1: Ad link | E1: Land m2 | F1: Floors | G1: Bed/WC | H1: Alley / car access | I1: Legal (title) | J1: Posted | K1: Price (tỷ) | L1: Price (USD) | M1: tr VND/m2 | N1: Market | O1: Supermarket | P1: Primary school | Q1: Hospital | R1: Safety & flooding | S1: Red flags | T1: Safety 1-5 | U1: Livability 1-5 | V1: Value 1-5 | W1: Verification 1-5 | X1: Total score | Y1: Rank (all) | Z1: Within budget? | AA1: Status
A2: Q3-E | B2: Quận 3 | C2: Hẻm 491 Lê Văn Sỹ, Nhiêu Lộc ward (old Quận 3, bordering Phú Nhuận) | D2: Open ad | E2: 56 | F2: 3 tầng BTCT + sân thượng | G2: 5/4 | H2: 3 m through-alley; car road ~50 m | I2: Sổ hồng, hoàn công đầy đủ | J2: 27/10/2026 | K2: 7.5 | L2: =K2*1000000000/'Read me'!$B$4 -> 292283.71 | M2: =K2*1000/E2 -> 133.92857 | N2: Chợ Nguyễn Văn Trỗi (209 Lê Văn Sỹ) ~0.5 km - lively 40-year market | O2: Co.opmart Nhiêu Lộc (974 Trường Sa) ~0.7 km | P2: Public primary in Nhiêu Lộc ward ~1 km (name to confirm) | Q2: BV Quận 3 ~1 km; BV Phú Nhuận ~1.2 km | R2: Dense, central residential area; 3 m alley limits fire-truck access; no flood or planning issue found. | S2: Narrow 2.8 m frontage (widens to 3.6 m); 5 PN suggests past rental use; listed under Phú Nhuận but is in Quận 3; broker listing. | T2: 4 | U2: 4 | V2: 4 | W2: 4 | X2: =T2+U2+V2+2*W2 -> 20 | Y2: =RANK(X2,$X$2:$X$13) -> 3 | Z2: =IF(L2<='Read me'!$B$5,"Yes","No") -> Yes | AA2: MAIN PICK
A3: Q3-C | B3: Quận 3 | C3: Rạch Bùng Binh, ~30 m from the main road, Nhiêu Lộc (old P9) | D3: Open ad | E3: 51.5 | F3: 2 tầng | G3: 3/2 | H3: 4 m alley; car access only claimed in some reposts | I3: Sổ hồng A4, hoàn công đầy đủ | J3: 15/10/2026 | K3: 7.8 | L3: =K3*1000000000/'Read me'!$B$4 -> 303975.06 | M3: =K3*1000/E3 -> 151.45631 | N3: Chợ Vườn Chuối ~1.2 km - long-standing, famous food stalls | O3: Co.opmart Nhiêu Lộc ~1.5 km | P3: TH Kỳ Đồng ~0.5 km - well-known, in demand | Q3: BV Quận 3 ~1 km; BV Bình Dân ~1.3 km | R3: Built-up alley with cameras; not on 2025 flood lists but low area near the canal - ask neighbours. | S3: 0.1 tỷ over budget (~US$304k) - reposted by 3 brokers, one title says 'nhỉnh 7 tỷ': offer 7.3-7.5 tỷ. | T3: 4 | U3: 5 | V3: 4 | W3: 4 | X3: =T3+U3+V3+2*W3 -> 21 | Y3: =RANK(X3,$X$2:$X$13) -> 1 | Z3: =IF(L3<='Read me'!$B$5,"Yes","No") -> No | AA3: Alternative #2 (stretch)
A4: PN-2 | B4: Phú Nhuận | C4: Trường Sa near Huỳnh Văn Bánh, Phú Nhuận (old P13) - across the canal from Quận 3 | D4: Open ad | E4: 60.7 | F4: Trệt + lửng + 1 lầu | G4: 3/2 | H4: Ba-gác alley, 50 m from main road; car parks in yard but not down the alley | I4: Sổ hồng A4 vuông (hoàn công to confirm) | J4: 19/10/2026 | K4: 6.95 | L4: =K4*1000000000/'Read me'!$B$4 -> 270849.57 | M4: =K4*1000/E4 -> 114.49753 | N4: Chợ Nguyễn Văn Trỗi ~0.8 km | O4: Co.opmart Nhiêu Lộc ~0.5-1 km | P4: Public primary (e.g. TH Nguyễn Đình Chính) ~0.8 km | Q4: BV Phú Nhuận ~1.2 km; Hoàn Mỹ Sài Gòn ~2 km | R4: Quiet, secure alley per listing; canal-side street - check heavy-rain flooding. | S4: 26% below Phú Nhuận average; mezzanine floor - check structure; seller type unclear. | T4: 4 | U4: 4 | V4: 5 | W4: 4 | X4: =T4+U4+V4+2*W4 -> 21 | Y4: =RANK(X4,$X$2:$X$13) -> 1 | Z4: =IF(L4<='Read me'!$B$5,"Yes","No") -> Yes | AA4: Alternative #1
A5: PN-1 | B5: Phú Nhuận | C5: Hẻm xe hơi Đặng Văn Ngữ, Phú Nhuận (old P10) | D5: Open ad | E5: 54 | F5: 1 trệt 2 lầu | G5: 4/4 | H5: Car alley (width not stated) | I5: Sổ hồng riêng (hoàn công not mentioned) | J5: 04/10/2026 | K5: 6.89 | L5: =K5*1000000000/'Read me'!$B$4 -> 268511.3 | M5: =K5*1000/E5 -> 127.59259 | N5: Chợ Trần Hữu Trang ~0.8 km - busy local market | O5: Bách Hóa Xanh <0.5 km; Co.opmart Rạch Miễu ~2 km | P5: TH Phạm Ngọc Thạch ~0.5-1 km - Labor Order, city/national prizes | Q5: Hoàn Mỹ Sài Gòn ~1.5 km; BV Phú Nhuận ~2 km | R5: Central, established area; ordinary petty theft; rush-hour traffic; ~12-15 min to Hồ Con Rùa. | S5: 'Bán gấp' pressure; floor count inconsistent; furnished. | T5: 4 | U5: 4 | V5: 4 | W5: 3 | X5: =T5+U5+V5+2*W5 -> 18 | Y5: =RANK(X5,$X$2:$X$13) -> 4 | Z5: =IF(L5<='Read me'!$B$5,"Yes","No") -> Yes | AA5: Alternative #3
A6: D10-1 | B6: District 10 | C6: Hẻm ~50 m off Lê Hồng Phong, Vườn Lài (old P10 Q10) - ~1 km from Quận 3 Bàn Cờ | D6: Open ad | E6: 63.7 | F6: Trệt + lửng + 2 lầu | G6: 3/3 | H6: 'Hẻm rộng' - width not stated | I6: Not stated | J6: 27/10/2026 | K6: 6.15 | L6: =K6*1000000000/'Read me'!$B$4 -> 239672.64 | M6: =K6*1000/E6 -> 96.546311 | N6: Chợ Hồ Thị Kỷ ~0.8 km | O6: Bách Hóa Xanh ~0.3 km; Co.opXtra Vạn Hạnh Mall ~1.5 km | P6: TH Hồ Thị Kỷ ~0.8 km - top D10 public primary | Q6: BV Nhi Đồng 1 ~1.2 km; Chợ Rẫy ~1.5 km | R6: Central, dense; no flood reports; peak congestion. | S6: ~96 tr/m2 is 40-55% below D10 average and no title shown - verify first. | T6: 4 | U6: 5 | V6: 5 | W6: 2 | X6: =T6+U6+V6+2*W6 -> 18 | Y6: =RANK(X6,$X$2:$X$13) -> 4 | Z6: =IF(L6<='Read me'!$B$5,"Yes","No") -> Yes | AA6: Alternative #4
A7: TB-2 | B7: Tân Bình | C7: Hẻm CMT8 beside Cư xá Bắc Hải, Tân Hòa (old P6 Tân Bình) | D7: Open ad | E7: 51.7 | F7: 3 tầng (~120 m2 use) | G7: 3/4-5 | H7: 3 m alley, no car | I7: Sổ hồng riêng | J7: 27/10/2026 | K7: 6.25 | L7: =K7*1000000000/'Read me'!$B$4 -> 243569.76 | M7: =K7*1000/E7 -> 120.88975 | N7: Chợ Phạm Văn Hai ~1.2 km - large, reputable | O7: GO! Miền Đông ~1.5 km | P7: Ask Tân Hòa ward for assigned school | Q7: BV Thống Nhất ~1.5 km; BV Nhân dân 115 ~2 km | R7: Quiet long-term residents by Bắc Hải; CMT8 traffic and Metro 2 works to ~2030; ~15-25 min to central Q3. | S7: Two entrances/sections - check single plot & hoàn công; reposted. | T7: 4 | U7: 4 | V7: 3 | W7: 3 | X7: =T7+U7+V7+2*W7 -> 17 | Y7: =RANK(X7,$X$2:$X$13) -> 6 | Z7: =IF(L7<='Read me'!$B$5,"Yes","No") -> Yes | AA7: Alternative #5
A8: TB-1 | B8: Tân Bình | C8: Hẻm CMT8, Tân Sơn Nhất (old P7 Tân Bình), bordering District 10 | D8: Open ad | E8: 84 | F8: 3-4 tầng | G8: 5/3 | H8: 3.5 m road, car to door, parking yard | I8: Sổ hồng (hoàn công not mentioned) | J8: 26/10/2026 | K8: 7.45 | L8: =K8*1000000000/'Read me'!$B$4 -> 290335.15 | M8: =K8*1000/E8 -> 88.690476 | N8: Chợ Ông Tạ ~1 km; Chợ Phạm Văn Hai ~1.5 km | O8: GO! Miền Đông ~2 km; Bách Hóa Xanh ~0.5 km | P8: Ask the ward for assigned school | Q8: BV Thống Nhất ~1.5 km (major national); BV 115 ~2.5 km | R8: Established area; Bảy Hiền congestion + Metro 2 works to ~2030; no flood reports. | S8: ~89 tr/m2 is 25-40% below CMT8 range; floor count 3 vs 4; broker. | T8: 4 | U8: 4 | V8: 4 | W8: 2 | X8: =T8+U8+V8+2*W8 -> 16 | Y8: =RANK(X8,$X$2:$X$13) -> 7 | Z8: =IF(L8<='Read me'!$B$5,"Yes","No") -> Yes | AA8: Alternative #6
A9: PN-3 | B9: Phú Nhuận | C9: Trần Hữu Trang, Phú Nhuận | D9: Open ad | E9: 60 | F9: Trệt + 2 lầu | G9: 3/3 | H9: Motorbike-only through-alley (no car) | I9: Sổ hồng riêng chính chủ | J9: 27/10/2026 | K9: 7.6 | L9: =K9*1000000000/'Read me'!$B$4 -> 296180.83 | M9: =K9*1000/E9 -> 126.66667 | N9: Chợ Trần Hữu Trang ~0.3 km | O9: Bách Hóa Xanh / WinMart+ <0.5 km | P9: TH Nguyễn Đình Chính ~1 km - two sessions, 99.7% promotion | Q9: Hoàn Mỹ Sài Gòn ~1 km | R9: Dense, central, safe; motorbike alley limits emergency access; ~10-12 min to Hồ Con Rùa. | S9: Stated 60 m2 vs 4.5x15.5 = 69.75 m2; URL says car alley but text says motorbike; near budget ceiling. | T9: 4 | U9: 4 | V9: 3 | W9: 2 | X9: =T9+U9+V9+2*W9 -> 15 | Y9: =RANK(X9,$X$2:$X$13) -> 8 | Z9: =IF(L9<='Read me'!$B$5,"Yes","No") -> Yes | AA9: Alternative #7
A10: Q3-A | B10: Quận 3 | C10: Nguyễn Thiện Thuật near Chợ Bàn Cờ, Bàn Cờ (old P3) | D10: Open ad | E10: 58 | F10: 1 trệt 2 lầu | G10: 4/3 | H10: Width not stated; 'sân đỗ xe' | I10: Sổ hồng riêng, hoàn công (claimed) | J10: 25/10/2026 | K10: 6.8 | L10: =K10*1000000000/'Read me'!$B$4 -> 265003.9 | M10: =K10*1000/E10 -> 117.24138 | N10: Chợ Bàn Cờ ~0.2 km - famous neighbourhood market | O10: Co.opmart Nguyễn Đình Chiểu ~1 km; Bách Hóa Xanh ~0.3 km | P10: TH Phan Đình Phùng ~0.4 km - top Q3 public primary | Q10: BV Bình Dân ~0.7 km (major public surgical) | R10: Long-established, safe; very narrow motorbike alleys; no flood reports. | S10: ~50% of Q3 average; 58 m2 vs 3.5x14.5 = 50.75 m2; no house number; bait-style wording. | T10: 4 | U10: 4 | V10: 2 | W10: 2 | X10: =T10+U10+V10+2*W10 -> 14 | Y10: =RANK(X10,$X$2:$X$13) -> 9 | Z10: =IF(L10<='Read me'!$B$5,"Yes","No") -> Yes | AA10: Alternative #8
A11: Q3-D | B11: Quận 3 | C11: Lê Văn Sỹ, 7 m asphalt alley, Nhiêu Lộc (old P13) | D11: Open ad | E11: 110 | F11: Cấp 4 (1 floor) | G11: 3/2 | H11: 7 m alley (car likely) | I11: 'Sổ hồng nở hậu' (no hoàn công) | J11: 22/10/2026 | K11: 8 | L11: =K11*1000000000/'Read me'!$B$4 -> 311769.29 | M11: =K11*1000/E11 -> 72.727273 | N11: Chợ Nguyễn Văn Trỗi ~0.5 km | O11: Co.opmart Nhiêu Lộc ~0.7 km | P11: TH Nguyễn Sơn Hà ~1 km (rebuilt 2020) | Q11: BV Quận 3 ~0.8 km; BV Phú Nhuận ~1.5 km | R11: Busy central area; Lê Văn Sỹ peak traffic; planning status unknown. | S11: 0.3 tỷ over budget; ~73 tr/m2 is a third of Q3 average; 'chính chủ' but broker with 12 ads - check planning, shared title. | T11: 4 | U11: 4 | V11: 2 | W11: 2 | X11: =T11+U11+V11+2*W11 -> 14 | Y11: =RANK(X11,$X$2:$X$13) -> 9 | Z11: =IF(L11<='Read me'!$B$5,"Yes","No") -> No | AA11: Alternative #9 (stretch)
A12: PN-5 | B12: Phú Nhuận | C12: Hẻm Nguyễn Kiệm, Đức Nhuận ward | D12: Open ad | E12: 70 | F12: 2 tầng | G12: 5/? | H12: 2 m alley, no car | I12: Sổ hồng (claimed) | J12: 27/10/2026 | K12: 6.6 | L12: =K12*1000000000/'Read me'!$B$4 -> 257209.66 | M12: =K12*1000/E12 -> 94.285714 | N12: Local market ~1.5 km | O12: Co.opmart Nguyễn Kiệm ~1-1.5 km | P12: TH Hồ Văn Huê ~1 km - national standard | Q12: BV Quân y 175 ~2 km | R12: Nguyễn Kiệm floods and jams (7 Oct 2026); 15-20 min to Hồ Con Rùa. | S12: 40% below area average; rooming layout; broker; 2 m alley. | T12: 3 | U12: 3 | V12: 3 | W12: 2 | X12: =T12+U12+V12+2*W12 -> 13 | Y12: =RANK(X12,$X$2:$X$13) -> 11 | Z12: =IF(L12<='Read me'!$B$5,"Yes","No") -> Yes | AA12: Alternative #10
A13: Q3-B | B13: Quận 3 | C13: Hẻm 62 Lý Chính Thắng, Xuân Hòa (old P8) | D13: Open ad | E13: 60 | F13: 2 tầng | G13: 4/2 | H13: Alley ~5 m, motorbike only | I13: 'Sổ công nhận 60m2' - no hoàn công | J13: 19/10/2026 | K13: 4.9 | L13: =K13*1000000000/'Read me'!$B$4 -> 190958.69 | M13: =K13*1000/E13 -> 81.666667 | N13: Chợ Tân Định ~1.5 km | O13: Co.opmart Nguyễn Đình Chiểu ~1.2 km | P13: TH Nguyễn Thái Sơn ~0.5 km | Q13: BV Bình Dân ~1.3 km; Từ Dũ ~2 km | R13: Quiet, central, well-off area. | S13: 82 tr/m2 while a 31 m2 house in the same alley asks 7 tỷ (227 tr/m2) - implausible; likely shared title or bait. | T13: 4 | U13: 4 | V13: 1 | W13: 2 | X13: =T13+U13+V13+2*W13 -> 13 | Y13: =RANK(X13,$X$2:$X$13) -> 11 | Z13: =IF(L13<='Read me'!$B$5,"Yes","No") -> Yes | AA13: Avoid
A15: Green = main pick; orange = avoid. 'Stretch' = slightly over budget but worth negotiating. Blue cells are inputs you can change. Distances are estimates.
