Workbook

Sheet Read me
A1: House search: District 10 & Thủ Đức, HCMC
A2: Prepared | B2: 27 Oct 2026
A4: Exchange rate (VND per USD) | B4: 25660
A5: Budget (USD) | B5: 300000
A6: Budget in VND billion (tỷ) | B6: =B5*B4/1000000000 -> 7.698
A7: Minimum land area (m2) | B7: 50
A9: Sheets | B9: Websites = best sites to search. All listings = every ad collected, with budget/area checks. Shortlist = houses passing the filter, with nearby market, supermarket, primary school, hospital, safety notes and scores.
A10: Edit | B10: Yellow cells are inputs. Change the exchange rate, budget or minimum area and every USD price and pass/fail check recalculates.
A11: Scoring | B11: Safety, Livability, Value and Verification are 1-5 from the research agents. Total = Safety + Livability + Value + 2 x Verification (title/address confirmation counts double, because unverified cheap listings are the main risk in this market).
A12: Ward names | B12: HCMC merged wards on 1 July 2025: old D10 wards are now Vườn Lài, Hòa Hưng, Diên Hồng; old Thủ Đức wards are now Hiệp Bình, Tam Bình, Linh Xuân, Thủ Đức, etc.
A13: Caveats | B13: Distances are estimates from street geography, not map measurements - check on Google Maps. Several listing pages blocked automated access, so some details come from site index pages. Always see the sổ hồng (title), hoàn công (completion certificate) and a planning (quy hoạch) check before any deposit.
A14: Rate source | B14: Vietcombank transfer buying rate 25,660 on 27/10/2026: https://webgia.com/ty-gia/vietcombank/

Sheet Websites
A1: Website | B1: URL | C1: Why use it
A2: batdongsan.com.vn | B2: https://batdongsan.com.vn | C2: Largest portal in Vietnam; most listings, price history, verified-title badges. Blocks automated access, so browse it yourself.
A3: nhatot.com (Chợ Tốt Nhà) | B3: https://www.nhatot.com | C3: Huge volume of owner (chính chủ) posts; good filters by price and area.
A4: muaban.net | B4: https://muaban.net/bat-dong-san | C4: Large classifieds site with ward-level pages and daily updates; main source for this shortlist.
A5: alonhadat.com.vn | B5: https://alonhadat.com.vn | C5: Long-running classifieds; shows new and old ward names and average price per m2 by ward.
A6: homedy.com | B6: https://homedy.com | C6: Portal with district price guides and many Thủ Đức listings.
A7: mogi.vn | B7: https://mogi.vn | C7: Sister site of muaban.net; useful price-per-m2 maps (mogi.vn/gia-nha-dat).
A8: nhadat24h.net | B8: https://nhadat24h.net | C8: Smaller portal; useful cross-check for District 10.
A9: bds123.vn / i-batdongsan.com / 123nhadatviet.com | B9: https://bds123.vn | C9: Secondary aggregators; same houses often reposted, good for spotting duplicates.

Sheet All listings
A1: # | B1: Site | C1: Listing title | D1: Link | E1: Area | F1: Ward (new/old) | G1: Land m2 | H1: Price (tỷ VND) | I1: Posted | J1: Price (USD) | K1: tr VND / m2 | L1: > min area? | M1: Within budget? | N1: Outcome / reason
A2: 1 | B2: muaban | C2: Hẻm Lê Hồng Phong, 50m ra MT, 63.7m2 | D2: Open ad | E2: D10 | F2: Vườn Lài (P10) | G2: 63.7 | H2: 6.15 | I2: 27/10/2026 | J2: =H2*1000000000/'Read me'!$B$4 -> 239672.64 | K2: =H2*1000/G2 -> 96.546311 | L2: =IF(G2>'Read me'!$B$7,"Yes","No") -> Yes | M2: =IF(J2<='Read me'!$B$5,"Yes","No") -> Yes | N2: Shortlisted D10-1
A3: 2 | B3: muaban | C3: Bắc Hải, ngay CV Lê Thị Riêng, 53.2m2 | D3: Open ad | E3: D10 | F3: Hòa Hưng (P15) | G3: 53.2 | H3: 5 | I3: Oct 2026 | J3: =H3*1000000000/'Read me'!$B$4 -> 194855.81 | K3: =H3*1000/G3 -> 93.984962 | L3: =IF(G3>'Read me'!$B$7,"Yes","No") -> Yes | M3: =IF(J3<='Read me'!$B$5,"Yes","No") -> Yes | N3: Shortlisted D10-2
A4: 3 | B4: muaban | C4: HXH 156 Tô Hiến Thành | D4: Open ad | E4: D10 | F4: Hòa Hưng (P15) | G4: 57 | H4: 14.5 | I4: Oct 2026 | J4: =H4*1000000000/'Read me'!$B$4 -> 565081.84 | K4: =H4*1000/G4 -> 254.38596 | L4: =IF(G4>'Read me'!$B$7,"Yes","No") -> Yes | M4: =IF(J4<='Read me'!$B$5,"Yes","No") -> No | N4: Over budget
A5: 4 | B5: muaban | C5: Sát MT hẻm 377 CMT8 | D5: Open ad | E5: D10 | F5: Hòa Hưng (P12) | G5: 44 | H5: 9.5 | I5: Oct 2026 | J5: =H5*1000000000/'Read me'!$B$4 -> 370226.03 | K5: =H5*1000/G5 -> 215.90909 | L5: =IF(G5>'Read me'!$B$7,"Yes","No") -> No | M5: =IF(J5<='Read me'!$B$5,"Yes","No") -> No | N5: Over budget, <50m2
A6: 5 | B6: muaban | C6: Nhà mới hẻm 4m Nguyễn Tiểu La | D6: Open ad | E6: D10 | F6: Diên Hồng (P6) | G6: 33 | H6: 7.98 | I6: Oct 2026 | J6: =H6*1000000000/'Read me'!$B$4 -> 310989.87 | K6: =H6*1000/G6 -> 241.81818 | L6: =IF(G6>'Read me'!$B$7,"Yes","No") -> No | M6: =IF(J6<='Read me'!$B$5,"Yes","No") -> No | N6: Over budget, <50m2
A7: 6 | B7: muaban | C7: HXH Tô Hiến Thành 4.9x18m | D7: Open ad | E7: D10 | F7: Hòa Hưng (P13) | G7: 73 | H7: 14.9 | I7: Oct 2026 | J7: =H7*1000000000/'Read me'!$B$4 -> 580670.3 | K7: =H7*1000/G7 -> 204.10959 | L7: =IF(G7>'Read me'!$B$7,"Yes","No") -> Yes | M7: =IF(J7<='Read me'!$B$5,"Yes","No") -> No | N7: Over budget
A8: 7 | B8: muaban | C8: HXH Sư Vạn Hạnh, hầm 5 tầng | D8: Open ad | E8: D10 | F8: Hòa Hưng (P12) | G8: 54 | H8: 17 | I8: Oct 2026 | J8: =H8*1000000000/'Read me'!$B$4 -> 662509.74 | K8: =H8*1000/G8 -> 314.81481 | L8: =IF(G8>'Read me'!$B$7,"Yes","No") -> Yes | M8: =IF(J8<='Read me'!$B$5,"Yes","No") -> No | N8: Over budget
A9: 8 | B9: muaban | C9: Góc 2MT Nguyễn Duy Dương | D9: Open ad | E9: D10 | F9: Vườn Lài (P4) | G9: 30 | H9: 5.18 | I9: Oct 2026 | J9: =H9*1000000000/'Read me'!$B$4 -> 201870.62 | K9: =H9*1000/G9 -> 172.66667 | L9: =IF(G9>'Read me'!$B$7,"Yes","No") -> No | M9: =IF(J9<='Read me'!$B$5,"Yes","No") -> Yes | N9: <50m2
A10: 9 | B10: muaban | C10: HXH nhà cấp 4 Cao Thắng 70m2 | D10: Open ad | E10: D10 | F10: Hòa Hưng (P12) | G10: 70 | H10: 13.5 | I10: Oct 2026 | J10: =H10*1000000000/'Read me'!$B$4 -> 526110.68 | K10: =H10*1000/G10 -> 192.85714 | L10: =IF(G10>'Read me'!$B$7,"Yes","No") -> Yes | M10: =IF(J10<='Read me'!$B$5,"Yes","No") -> No | N10: Over budget
A11: 10 | B11: muaban | C11: Hẻm xe tải Thành Thái 27m2 | D11: Open ad | E11: D10 | F11: Diên Hồng (P14) | G11: 27 | H11: 5.25 | I11: Oct 2026 | J11: =H11*1000000000/'Read me'!$B$4 -> 204598.6 | K11: =H11*1000/G11 -> 194.44444 | L11: =IF(G11>'Read me'!$B$7,"Yes","No") -> No | M11: =IF(J11<='Read me'!$B$5,"Yes","No") -> Yes | N11: <50m2
A12: 11 | B12: muaban | C12: HXH gần Ngã Sáu Dân Chủ 44m2 | D12: Open ad | E12: D10 | F12: Hòa Hưng (P13) | G12: 44 | H12: 9.9 | I12: Oct 2026 | J12: =H12*1000000000/'Read me'!$B$4 -> 385814.5 | K12: =H12*1000/G12 -> 225 | L12: =IF(G12>'Read me'!$B$7,"Yes","No") -> No | M12: =IF(J12<='Read me'!$B$5,"Yes","No") -> No | N12: Over budget, <50m2
A13: 12 | B13: muaban | C13: Hẻm 462 Nguyễn Tri Phương 23m2 | D13: Open ad | E13: D10 | F13: Vườn Lài (P9) | G13: 23 | H13: 5.2 | I13: Oct 2026 | J13: =H13*1000000000/'Read me'!$B$4 -> 202650.04 | K13: =H13*1000/G13 -> 226.08696 | L13: =IF(G13>'Read me'!$B$7,"Yes","No") -> No | M13: =IF(J13<='Read me'!$B$5,"Yes","No") -> Yes | N13: <50m2
... A51: 50 | B51: alonhadat | C51: Kha Vạn Cân nhà + trọ 176m2 | D51: Open ad | E51: Thủ Đức | F51: Linh Xuân | G51: 176 | H51: 8 | I51: 28/10/2026 | J51: =H51*1000000000/'Read me'!$B$4 -> 311769.29 | K51: =H51*1000/G51 -> 45.454545 | L51: =IF(G51>'Read me'!$B$7,"Yes","No") -> Yes | M51: =IF(J51<='Read me'!$B$5,"Yes","No") -> No | N51: Over budget

Sheet Shortlist
A1: ID | B1: Area | C1: Address | D1: Ad link | E1: Land m2 | F1: Floors | G1: Bed/WC | H1: Alley / car access | I1: Legal (title) | J1: Posted | K1: Price (tỷ) | L1: Price (USD) | M1: tr VND/m2 | N1: Market | O1: Supermarket | P1: Primary school | Q1: Hospital | R1: Safety & flooding | S1: Red flags | T1: Safety 1-5 | U1: Livability 1-5 | V1: Value 1-5 | W1: Verification 1-5 | X1: Total score | Y1: Rank (all) | Z1: Status
A2: D10-1 | B2: D10 | C2: Hẻm ~50 m off Lê Hồng Phong, old P10 Q10 (now Vườn Lài) | D2: Open ad | E2: 63.7 | F2: Trệt + lửng + 2 lầu | G2: 3/3 | H2: 'Hẻm rộng' - width not stated | I2: Not stated | J2: 27/10/2026 | K2: 6.15 | L2: =K2*1000000000/'Read me'!$B$4 -> 239672.64 | M2: =K2*1000/E2 -> 96.546311 | N2: Chợ Hồ Thị Kỷ ~0.8 km - busy wet & flower market | O2: Bách Hóa Xanh ~0.3 km; Co.opXtra Vạn Hạnh Mall ~1.5 km | P2: TH Hồ Thị Kỷ ~0.8 km - listed among top public primary schools in D10 | Q2: BV Nhi Đồng 1 ~1.2 km (top children's hospital); Chợ Rẫy ~1.5 km (top public general) | R2: Central, dense; normal inner-city petty theft; no flood reports; peak-hour congestion. | S2: ~96 tr/m2 = 40-55% below D10 average; no sổ hồng or house number - verify title & planning first. | T2: 4 | U2: 5 | V2: 5 | W2: 2 | X2: =T2+U2+V2+2*W2 -> 18 | Y2: =RANK(X2,$X$2:$X$22) -> 2
A3: D10-2 | B3: D10 | C3: Bắc Hải near Lê Thị Riêng park, old P15 Q10 (now Hòa Hưng) | D3: Open ad | E3: 53.2 | F3: Trệt + lửng | G3: 2/? | H3: 1 lot from main road | I3: Unknown | J3: Unknown | K3: 5 | L3: =K3*1000000000/'Read me'!$B$4 -> 194855.81 | M3: =K3*1000/E3 -> 93.984962 | N3: Chợ Ông Tạ ~1.3 km - large well-known market | O3: GO! Miền Đông (ex Big C) ~0.8 km | P3: TH Thiên Hộ Dương ~1 km - on D10 top public schools list | Q3: BV Nhân dân 115 ~1.5 km (large public, stroke/emergency); BV Thống Nhất ~1.5 km | R3: Quiet cư xá Bắc Hải by the park, good reputation; Tô Hiến Thành pools in heavy rain. | S3: '5xxx' teaser price, far below comparable 160-260 tr/m2; ad no longer in the index - likely stale/bait. | T3: 4 | U3: 4 | V3: 5 | W3: 1 | X3: =T3+U3+V3+2*W3 -> 15 | Y3: =RANK(X3,$X$2:$X$22) -> 7 | Z3: Avoid
A4: TD-01 | B4: Thủ Đức | C4: Off QL13, phân lô area, Hiệp Bình Phước (now Hiệp Bình) | D4: Open ad | E4: 52 | F4: 3 tầng | G4: 3-4/3 | H4: Car alley | I4: Not stated | J4: Oct 2026 | K4: 6.8 | L4: =K4*1000000000/'Read me'!$B$4 -> 265003.9 | M4: =K4*1000/E4 -> 130.76923 | N4: Chợ Hiệp Bình / Bình Triệu ~1.5-2 km | O4: Bách Hóa Xanh QL13 ~0.5 km; GigaMall ~3 km | P4: TH Hiệp Bình Phước ~1 km - public ward school | Q4: Hoàn Mỹ Thủ Đức ~3-4 km (private, well regarded); BV TP Thủ Đức ~5 km | R4: QL13 traffic & accidents; low-lying, floods at high tide; QL13 widening works to 2028. | S4: ~131 tr/m2 above area average; bedroom count inconsistent; check QL13 widening plan. | T4: 3 | U4: 3 | V4: 2 | W4: 2 | X4: =T4+U4+V4+2*W4 -> 12 | Y4: =RANK(X4,$X$2:$X$22) -> 16
A5: TD-02 | B5: Thủ Đức | C5: Near Vạn Phúc City, riverside side of QL13, Hiệp Bình Phước | D5: Open ad | E5: 100 | F5: 3 tầng + sân thượng | G5: 2/? | H5: Car alley + private garage | I5: Sổ đỏ/hồng stated | J5: Expired listing | K5: 7.2 | L5: =K5*1000000000/'Read me'!$B$4 -> 280592.36 | M5: =K5*1000/E5 -> 72 | N5: Chợ Hiệp Bình ~2 km | O5: Bách Hóa Xanh QL13 ~0.5-1 km; GigaMall ~3 km | P5: TH Hiệp Bình Phước ~1-1.5 km | Q5: Hoàn Mỹ Thủ Đức ~4 km; BV TP Thủ Đức ~5 km | R5: Vạn Phúc gives better security & upscale neighbours; low-lying, record tide Oct 2026. | S5: Listing marked expired - may be sold; only 2 PN on 100 m2; check hoàn công & setback. | T5: 3 | U5: 4 | V5: 4 | W5: 3 | X5: =T5+U5+V5+2*W5 -> 17 | Y5: =RANK(X5,$X$2:$X$22) -> 4
A6: TD-03 | B6: Thủ Đức | C6: 'On QL13', Hiệp Bình Phước (exact alley not given) | D6: Open ad | E6: 51 | F6: 3 tầng | G6: 3/2 | H6: Not stated | I6: Not stated | J6: Oct 2026 | K6: 6 | L6: =K6*1000000000/'Read me'!$B$4 -> 233826.97 | M6: =K6*1000/E6 -> 117.64706 | N6: Chợ Bình Triệu / Hiệp Bình ~1.5-2 km | O6: Bách Hóa Xanh ~0.5 km; Co.opmart Tam Bình ~3 km | P6: TH Hiệp Bình Phước ~1 km | Q6: Hoàn Mỹ Thủ Đức ~3-4 km | R6: Same as TD-01 plus main-road noise/dust. | S6: Vague '6.x tỷ' price, no address/legal; QL13 widening risk. | T6: 3 | U6: 3 | V6: 2 | W6: 1 | X6: =T6+U6+V6+2*W6 -> 10 | Y6: =RANK(X6,$X$2:$X$22) -> 19
A7: TD-04 | B7: Thủ Đức | C7: QL13 alley, 2 mặt hẻm, Hiệp Bình Phước | D7: Open ad | E7: 84 | F7: 3 tầng | G7: 3/? | H7: Front & back alley | I7: Not stated | J7: Sep 2026 | K7: 6.8 | L7: =K7*1000000000/'Read me'!$B$4 -> 265003.9 | M7: =K7*1000/E7 -> 80.952381 | N7: Chợ Hiệp Bình / Bình Triệu ~1.5-2.5 km | O7: Bách Hóa Xanh QL13 ~0.5-1 km; GigaMall ~3-4 km | P7: Public primary (old HBP) ~1 km - ward short of classrooms (SGGP) | Q7: BV Quốc tế Hạnh Phúc ~4-5 km (private); BV Nhân dân Gia Định ~6 km | R7: Dense mixed area; QL13 construction; rain + tide flooding (Hiệp Bình streets flooded Sep 2026). | S7: Fair ~81 tr/m2; confirm land vs floor area, title, distance to QL13. | T7: 3 | U7: 3 | V7: 4 | W7: 2 | X7: =T7+U7+V7+2*W7 -> 14 | Y7: =RANK(X7,$X$2:$X$22) -> 9
A8: TD-05 | B8: Thủ Đức | C8: QL13 next to Vạn Phúc City, Hiệp Bình Phước | D8: Open ad | E8: 60 | F8: 3 tầng | G8: ? | H8: Not stated | I8: Sổ hồng riêng (per title) | J8: 27/10/2026 | K8: 7.28 | L8: =K8*1000000000/'Read me'!$B$4 -> 283710.05 | M8: =K8*1000/E8 -> 121.33333 | N8: Chợ Bình Triệu / Hiệp Bình ~2 km | O8: Bách Hóa Xanh ~0.5 km; Vạn Phúc shophouses ~0.5 km | P8: Overcrowded public primary; private schools in Vạn Phúc | Q8: BV Quốc tế Hạnh Phúc ~4 km | R8: Better-kept surroundings; flood & QL13 works as TD-04. | S8: ~121 tr/m2 premium for Vạn Phúc name; close to budget ceiling. | T8: 3 | U8: 4 | V8: 2 | W8: 2 | X8: =T8+U8+V8+2*W8 -> 13 | Y8: =RANK(X8,$X$2:$X$22) -> 13
A9: TD-06 | B9: Thủ Đức | C9: QL13, Hiệp Bình Phước | D9: Open ad | E9: 56 | F9: 3 tầng | G9: ? | H9: Not stated | I9: Sổ hồng (per title) | J9: 28/10/2026 | K9: 7.28 | L9: =K9*1000000000/'Read me'!$B$4 -> 283710.05 | M9: =K9*1000/E9 -> 130 | N9: As TD-05 | O9: As TD-05 | P9: As TD-05 | Q9: As TD-05 | R9: As TD-05. | S9: Very likely the same house as TD-05 reposted with different area (56 vs 60 m2). | T9: 3 | U9: 4 | V9: 2 | W9: 1 | X9: =T9+U9+V9+2*W9 -> 11 | Y9: =RANK(X9,$X$2:$X$22) -> 18 | Z9: Avoid
A10: TD-07 | B10: Thủ Đức | C10: Đường số 10 frontage, Hiệp Bình (old Hiệp Bình Chánh) | D10: Open ad | E10: 51.6 | F10: 4 tầng | G10: 6/4 | H10: Street frontage | I10: Not stated | J10: Oct 2026 | K10: 5.62 | L10: =K10*1000000000/'Read me'!$B$4 -> 219017.93 | M10: =K10*1000/E10 -> 108.91473 | N10: Chợ Hiệp Bình ~0.5-1 km | O10: GigaMall ~1.5-2 km; Bách Hóa Xanh ~0.5 km | P10: TH Hiệp Bình Chánh ~1 km | Q10: BV Thủ Đức (Grade I, 800 beds) ~4-5 km | R10: Dense, busy near Ngã tư Bình Phước; some lanes flood. | S10: 6 bedrooms suggests rental build; legal unconfirmed. | T10: 3 | U10: 4 | V10: 3 | W10: 2 | X10: =T10+U10+V10+2*W10 -> 14 | Y10: =RANK(X10,$X$2:$X$22) -> 9
A11: TD-08 | B11: Thủ Đức | C11: Tô Ngọc Vân, Tam Bình | D11: Open ad | E11: 60 | F11: ? | G11: 3/? | H11: Listed as alley house | I11: Not stated | J11: Oct 2026 | K11: 6.9 | L11: =K11*1000000000/'Read me'!$B$4 -> 268901.01 | M11: =K11*1000/E11 -> 115 | N11: Chợ đầu mối nông sản Thủ Đức ~1-2 km (wholesale, night trucks) | O11: Bách Hóa Xanh ~0.5 km; GigaMall ~2-3 km | P11: TH Tam Bình ~1 km | Q11: BV Thủ Đức ~1.5-2 km (Grade I) | R11: Tô Ngọc Vân flooded up to 1 m (Aug 2023); Ring Road 2 works nearby. | S11: ~115 tr/m2; shallow 7.5 m lot; check Ring Road 2 clearance. | T11: 3 | U11: 4 | V11: 2 | W11: 2 | X11: =T11+U11+V11+2*W11 -> 13 | Y11: =RANK(X11,$X$2:$X$22) -> 13
A12: TD-09 | B12: Thủ Đức | C12: Đường số 4, Tam Phú (now Tam Bình) | D12: Open ad | E12: 70 | F12: Cấp 4 + gác lửng | G12: 1/? | H12: Car to door (per index) | I12: Sổ hồng riêng (per index) | J12: 27/10/2026 | K12: 3.9 | L12: =K12*1000000000/'Read me'!$B$4 -> 151987.53 | M12: =K12*1000/E12 -> 55.714286 | N12: Chợ Tam Bình ~1-2 km | O12: Bách Hóa Xanh ~0.5 km | P12: Public primary in Tam Phú ~1 km | Q12: BV Thủ Đức (29 Phú Châu) ~1 km - Grade I, 800 beds | R12: Quiet residential lanes; some low streets flood in heavy rain. | S12: Old house needs rebuild (budget ~1.5-2 tỷ); ad not reopened - confirm still live. | T12: 3 | U12: 4 | V12: 4 | W12: 3 | X12: =T12+U12+V12+2*W12 -> 17 | Y12: =RANK(X12,$X$2:$X$22) -> 4
A13: TD-10 | B13: Thủ Đức | C13: Tam Bình (street not given) | D13: Open ad | E13: 136 | F13: 1 trệt 1 lầu | G13: 3/2 | H13: Near truck road | I13: NOT stated | J13: Oct 2026 | K13: 3.3 | L13: =K13*1000000000/'Read me'!$B$4 -> 128604.83 | M13: =K13*1000/E13 -> 24.264706 | N13: Chợ đầu mối Thủ Đức ~1-2 km | O13: Bách Hóa Xanh ~0.5-1 km | P13: TH Tam Bình ~1-1.5 km | Q13: BV Thủ Đức ~2 km | R13: Mixed warehouse area, trucks; flood pattern as Tô Ngọc Vân. | S13: ~24 tr/m2 (a third of market) - typical vi bằng / sổ chung / farmland ad. Avoid unless clean title shown. | T13: 3 | U13: 3 | V13: 1 | W13: 1 | X13: =T13+U13+V13+2*W13 -> 9 | Y13: =RANK(X13,$X$2:$X$22) -> 21 | Z13: Avoid
A14: TD-11 | B14: Thủ Đức | C14: Near Phạm Văn Đồng, old Linh Tây (now Thủ Đức ward) | D14: Open ad | E14: 57 | F14: 1 trệt 2 lầu | G14: 4/3 | H14: Hẻm thông near main road; car access unconfirmed | I14: Sổ hồng, hoàn công đủ | J14: 15/10/2026 | K14: 5.5 | L14: =K14*1000000000/'Read me'!$B$4 -> 214341.39 | M14: =K14*1000/E14 -> 96.491228 | N14: Chợ Thủ Đức ~2.5 km - main wet market | O14: Bách Hóa Xanh ~0.5 km; GigaMall ~2-3 km | P14: TH Linh Tây ~1 km - public | Q14: BV Đa khoa khu vực Thủ Đức ~3 km (new 1,000-bed, opened 2025) | R14: Student/university area; wide arterial; seller says high & dry, no flood reports found. | S14: No exact alley number; confirm alley width. | T14: 3 | U14: 4 | V14: 3 | W14: 4 | X14: =T14+U14+V14+2*W14 -> 18 | Y14: =RANK(X14,$X$2:$X$22) -> 2
A15: TD-12 | B15: Thủ Đức | C15: Off Đặng Văn Bi, 1 lot from Đường số 9, Linh Chiểu | D15: Open ad | E15: 52 | F15: Cấp 4 | G15: 1/1 | H15: Car alley (cars pass) | I15: 'Giấy tờ hợp lệ' - sổ hồng unclear | J15: 25/10/2026 | K15: 4.7 | L15: =K15*1000000000/'Read me'!$B$4 -> 183164.46 | M15: =K15*1000/E15 -> 90.384615 | N15: Chợ Thủ Đức ~1 km | O15: Vincom Plaza Thủ Đức ~1.5 km | P15: TH Đặng Văn Bi ~0.5-1 km | Q15: BV TP Thủ Đức ~3 km | R15: Chợ Thủ Đức / Kha Vạn Cân zone floods ankle-to-knee (SGGP); near Metro Line 1. | S15: URL says 48 m2 vs 52 m2; vague legal; needs rebuild. | T15: 3 | U15: 4 | V15: 3 | W15: 2 | X15: =T15+U15+V15+2*W15 -> 14 | Y15: =RANK(X15,$X$2:$X$22) -> 9
A16: TD-13 | B16: Thủ Đức | C16: Off Đường số 8, Linh Đông phân lô (now Hiệp Bình) | D16: Open ad | E16: 52 | F16: 3 tầng | G16: >150 m2 use; 3/3 | H16: Car alley | I16: SHR, hoàn công đủ, no setback | J16: 19/10/2026 | K16: 6.8 | L16: =K16*1000000000/'Read me'!$B$4 -> 265003.9 | M16: =K16*1000/E16 -> 130.76923 | N16: Chợ Linh Đông ~1.5 km | O16: GigaMall ~1.5 km | P16: TH Linh Đông ~1 km | Q16: BV TP Thủ Đức ~3 km | R16: Planned phân lô cluster; Linh Đông roads flooded Aug 2025 - check lane level. | S16: ~131 tr/m2, premium price. | T16: 3 | U16: 4 | V16: 2 | W16: 4 | X16: =T16+U16+V16+2*W16 -> 17 | Y16: =RANK(X16,$X$2:$X$22) -> 4
A17: TD-14 | B17: Thủ Đức | C17: 131/46 Đường số 8, Linh Xuân | D17: Open ad | E17: 53 | F17: Trệt + 2 lầu + sân thượng | G17: 3/2 (146 m2 use) | H17: Car alley, 7 m road nearby | I17: Sổ hồng (hoàn công to confirm) | J17: 23/10/2026 | K17: 5.8 | L17: =K17*1000000000/'Read me'!$B$4 -> 226032.74 | M17: =K17*1000/E17 -> 109.43396 | N17: Chợ Xuân Hiệp ~0.3-0.5 km | O17: Bách Hóa Xanh nearby; GO! Dĩ An ~3 km | P17: TH Linh Xuân / Xuân Hiệp ~0.5-1 km | Q17: BV Đa khoa khu vực Thủ Đức ~2.5 km; BV ĐHQG ~4 km | R17: Quiet, clean area beside a football field & Linh Xuân cultural centre; no flood reports found. | S17: Confirm hoàn công; shallow 11 m lot; farthest of the group from D10. | T17: 4 | U17: 4 | V17: 4 | W17: 4 | X17: =T17+U17+V17+2*W17 -> 20 | Y17: =RANK(X17,$X$2:$X$22) -> 1 | Z17: MAIN PICK
A18: TD-15 | B18: Thủ Đức | C18: Ngô Chí Quốc, Bình Chiểu (now Tam Bình) | D18: Open ad | E18: 53 | F18: 4 tầng | G18: 2/3 | H18: Hẻm ô tô tránh | I18: Not confirmed | J18: Jul 2026 | K18: 4.9 | L18: =K18*1000000000/'Read me'!$B$4 -> 190958.69 | M18: =K18*1000/E18 -> 92.45283 | N18: Chợ Bình Chiểu ~1 km | O18: Bách Hóa Xanh ~0.5 km; GO! Dĩ An ~4 km | P18: TH Bình Chiểu ~1-1.5 km | Q18: BV Thủ Đức ~4-5 km | R18: Beside Bình Chiểu industrial zone (workers, rooming houses, past bag-snatching reports); heavy trucks. | S18: Title says 'nhỉnh 4 tỷ' vs 4.9 tỷ - negotiate; only 2 PN. | T18: 3 | U18: 3 | V18: 3 | W18: 2 | X18: =T18+U18+V18+2*W18 -> 13 | Y18: =RANK(X18,$X$2:$X$22) -> 13
A19: TD-16 | B19: Thủ Đức | C19: Đường số 5, Linh Trung (now Linh Xuân) near Hoàng Diệu 2 | D19: Open ad | E19: 59.1 | F19: ? | G19: 2/2 | H19: Unknown | I19: Unknown | J19: 2026 | K19: 5.05 | L19: =K19*1000000000/'Read me'!$B$4 -> 196804.36 | M19: =K19*1000/E19 -> 85.448393 | N19: Chợ Nhỏ ~1 km - busy, cheap | O19: Bách Hóa Xanh ~0.5 km; Vincom Thủ Đức ~2.5 km | P19: TH Linh Trung ~1 km | Q19: BV Đa khoa khu vực Thủ Đức ~1-1.5 km | R19: Student/worker area between Linh Trung EPZ and VNU; petty theft reported; no flood reports. | S19: Only category page link (batdongsan) - search the title there; 5.5 m frontage is good. | T19: 3 | U19: 4 | V19: 3 | W19: 2 | X19: =T19+U19+V19+2*W19 -> 14 | Y19: =RANK(X19,$X$2:$X$22) -> 9
A20: TD-17 | B20: Thủ Đức | C20: Alley near Vincom Thủ Đức, Bình Thọ | D20: Open ad | E20: 88 | F20: 4 tầng | G20: 7/7 | H20: Ô tô tránh | I20: Not confirmed | J20: 28/07/2026 | K20: 5.8 | L20: =K20*1000000000/'Read me'!$B$4 -> 226032.74 | M20: =K20*1000/E20 -> 65.909091 | N20: Chợ Thủ Đức ~1.5 km | O20: Vincom Thủ Đức / WinMart ~0.5 km | P20: TH Bình Thọ ~1 km | Q20: BV Đa khoa khu vực Thủ Đức ~2.5 km | R20: Central and safer; near Metro; Võ Văn Ngân traffic. | S20: 7 PN / 7 WC = rooming house; ~66 tr/m2 far below area 100-150 - suspicious. | T20: 4 | U20: 4 | V20: 2 | W20: 1 | X20: =T20+U20+V20+2*W20 -> 12 | Y20: =RANK(X20,$X$2:$X$22) -> 16 | Z20: Avoid
A21: TD-18 | B21: Thủ Đức | C21: Off Lã Xuân Oai, Tăng Nhơn Phú A (old Q9) | D21: Open ad | E21: 76 | F21: Cấp 4 | G21: 2/? | H21: Not stated | I21: Not stated | J21: 27/10/2026 | K21: 4.64 | L21: =K21*1000000000/'Read me'!$B$4 -> 180826.19 | M21: =K21*1000/E21 -> 61.052632 | N21: Chợ Tăng Nhơn Phú ~1 km | O21: Bách Hóa Xanh <1 km; Vincom Lê Văn Việt ~2-3 km | P21: Public primary TNP ward ~1 km | Q21: BV Quân dân y miền Đông ~2.5 km (500 beds, MRI, emergency) | R21: Quiet established area; Lã Xuân Oai flooded 300 m in Aug 2023; ~40-50 min to D10. | S21: Old house needs rebuild; verify title. | T21: 3 | U21: 4 | V21: 4 | W21: 2 | X21: =T21+U21+V21+2*W21 -> 15 | Y21: =RANK(X21,$X$2:$X$22) -> 7
A22: TD-19 | B22: Thủ Đức | C22: Alley on Nguyễn Xiển, Long Bình (old Q9) | D22: Open ad | E22: 62 | F22: 2 tầng | G22: 4/? | H22: Car alley (per title) | I22: Not stated | J22: 28/10/2026 | K22: 4.99 | L22: =K22*1000000000/'Read me'!$B$4 -> 194466.1 | M22: =K22*1000/E22 -> 80.483871 | N22: Local Long Bình market ~2 km | O22: Vincom Mega Mall Grand Park ~1.5-3 km | P22: Public primary Long Bình ~1.5 km | Q22: Vinmec Grand Park clinic ~2 km; nearest full hospital ~6-7 km | R22: Newer area, container trucks; far from hospitals; 50-70 min to D10. | S22: ~80 tr/m2 above Long Bình average 56; check Nguyễn Xiển widening. | T22: 3 | U22: 3 | V22: 2 | W22: 1 | X22: =T22+U22+V22+2*W22 -> 10 | Y22: =RANK(X22,$X$2:$X$22) -> 19
A24: Green = main pick; orange = avoid (stale, duplicate, rooming house or implausible price). Scores from research agents (blue = inputs you can change). Distances are estimates.
